{
  "gz-03": [
    0.6599998474121094,
    1.2799999713897705,
    48.77000045776367,
    376.7300109863281
  ],
  "gz-04": [
    0.5400000214576721,
    0.6599999666213989,
    46.78000259399414,
    284.7300109863281
  ],
  "gz-05": [
    0.7600021362304688,
    0.5299999713897705,
    144.00999450683594,
    164.1199951171875
  ],
  "gz-06": [
    -6.139999866485596,
    0.901123046875,
    161.78395080566406,
    151.75889587402344
  ],
  "gz-07": [
    0.11000000685453415,
    -1.2300000190734863,
    45.16999816894531,
    202.3400115966797
  ],
  "gz-08": [
    0.6000000238418579,
    1.2899999618530273,
    25.34000015258789,
    108.8499984741211
  ],
  "北京-02": [
    0,
    -3.4000000953674316,
    182.10000610351562,
    85.5999984741211
  ],
  "北京-03": [
    -0.06424421072006226,
    0.699999988079071,
    35.8838005065918,
    99.5999984741211
  ],
  "北京-04": [
    -14.800000190734863,
    -190.1999969482422,
    300.5,
    291.8000183105469
  ],
  "北京-05": [
    0.0679922103881836,
    0.02231597900390625,
    95.28984832763672,
    192.97769165039062
  ],
  "北京-06": [
    0.800000011920929,
    -1.399999976158142,
    139.05166625976562,
    51
  ],
  "北京-07": [
    -19.815900802612305,
    -16.09039878845215,
    103.4000015258789,
    414.7903747558594
  ],
  "北京-09": [
    0,
    0.20000000298023224,
    62.900001525878906,
    279.1000061035156
  ],
  "北京-11": [
    0,
    0.29166650772094727,
    174.1999969482422,
    149.70834350585938
  ],
  "山脉": [
    3.5,
    94.58642578125,
    554,
    129.2135772705078
  ],
  "草丛": [
    185.5,
    187,
    203.52957153320312,
    74.1888656616211
  ],
  "飞机小船-01": [
    1.1200000047683716,
    0.8984250426292419,
    82.67000579833984,
    34.331573486328125
  ],
  "飞机小船-02": [
    0.9224807620048523,
    1.116329312324524,
    68.45751953125,
    31.66366958618164
  ],
  "飞机小船-03": [
    1.4800000190734863,
    1.1700000762939453,
    67.5221939086914,
    58.470001220703125
  ],
  "飞机小船-04": [
    0.7899999618530273,
    -0.5699999928474426,
    310.89361572265625,
    109.44998931884766
  ],
  "云彩1": [
    0,
    0,
    5404,
    1068
  ],
  "云彩2": [
    -22,
    0,
    5426,
    1068
  ],
  "云彩3": [
    -205,
    0,
    5674,
    1068
  ],
  "山脉1": [
    -162.7099609375,
    15.5546875,
    5547.71044921875,
    539.4453125
  ],
  "草丛线稿-01": [
    -0.21468567848205566,
    0.008473396301269531,
    553.7008666992188,
    409.5920715332031
  ],
  "草丛线稿-02": [
    0.33077526092529297,
    0,
    428.4181213378906,
    418.0015563964844
  ],
  "草丛线稿-03": [
    -0.022153377532958984,
    0.43000003695487976,
    393.1408386230469,
    414.5705261230469
  ],
  "草丛线稿-04": [
    0.2697429656982422,
    0.4100434482097626,
    394.7317810058594,
    412.42138671875
  ],
  "GDS+UR": [
    80.85000610351562,
    69.80000305175781,
    1215.6300048828125,
    140.08999633789062
  ],
  "airplane1": [
    1.1200000047683716,
    0.8984250426292419,
    82.67000579833984,
    34.331573486328125
  ],
  "airplane2": [
    0.9224807620048523,
    1.116329312324524,
    68.45751953125,
    31.66366958618164
  ],
  "beijing11": [
    0,
    0.29166650772094727,
    174.1999969482422,
    149.70834350585938
  ],
  "beijing3": [
    -0.06424421072006226,
    0.699999988079071,
    35.8838005065918,
    99.5999984741211
  ],
  "beijing5": [
    0.0679922103881836,
    0.02231597900390625,
    95.28984832763672,
    192.97769165039062
  ],
  "beijing7": [
    -19.815900802612305,
    -16.09039878845215,
    103.4000015258789,
    414.7903747558594
  ],
  "beijing9": [
    0,
    0.20000000298023224,
    62.900001525878906,
    279.1000061035156
  ],
  "boat3": [
    1.4800000190734863,
    1.1700000762939453,
    67.5221939086914,
    58.470001220703125
  ],
  "boat4": [
    0.7899999618530273,
    -0.5699999928474426,
    310.89361572265625,
    109.44998931884766
  ],
  "cloud1": [
    0,
    -1203,
    5404,
    2271
  ],
  "cloud2": [
    -22,
    -362,
    5426,
    1402
  ],
  "cloud3": [
    -205,
    -1294,
    5674,
    2268
  ],
  "grass1": [
    -0.21468567848205566,
    0.008473396301269531,
    553.7008666992188,
    409.5920715332031
  ],
  "grass2": [
    0.33077526092529297,
    0,
    428.4181213378906,
    418.0015563964844
  ],
  "grass3": [
    -0.022153377532958984,
    0.43000003695487976,
    393.1408386230469,
    414.5705261230469
  ],
  "grass4": [
    0.2697429656982422,
    0.4100434482097626,
    394.7317810058594,
    412.42138671875
  ],
  "guangzhou3": [
    0.6599998474121094,
    1.2799999713897705,
    48.77000045776367,
    376.7300109863281
  ],
  "guangzhou4": [
    0.5400000214576721,
    0.6599999666213989,
    46.78000259399414,
    284.7300109863281
  ],
  "guangzhou5": [
    0.7600021362304688,
    0.5299999713897705,
    144.00999450683594,
    164.1199951171875
  ],
  "guangzhou6": [
    -6.139999866485596,
    0.901123046875,
    161.78395080566406,
    151.75889587402344
  ],
  "guangzhou7": [
    0.11000000685453415,
    -1.2300000190734863,
    45.16999816894531,
    202.3400115966797
  ],
  "guangzhou8": [
    0.6000000238418579,
    1.2899999618530273,
    25.34000015258789,
    108.8499984741211
  ],
  "mountain1": [
    -162.7099609375,
    15.5546875,
    5547.71044921875,
    539.4453125
  ],
  "pedestrian1": [
    0.0024471282958984375,
    0.004228472709655762,
    818.0875854492188,
    1019.6558837890625
  ],
  "pedestrian2": [
    -0.0007129907608032227,
    -0.0015631195856258273,
    561.043212890625,
    1009.8458862304688
  ],
  "tree8": [
    0,
    0,
    132,
    199
  ],
  "tree9": [
    0,
    -0.001953125,
    610.98046875,
    198.0029296875
  ],
  "pedestrian3": [
    0.008302994072437286,
    -0.0020038539078086615,
    597.3917236328125,
    1009.8463134765625
  ],
  "pedestrian4": [
    -0.0007129907608032227,
    -0.0015631195856258273,
    561.043212890625,
    1009.8458862304688
  ],
  "pedestrian5": [
    1.508302927017212,1.4936459064483643,561.0339965820312,1009.8505249023438
  ]
}